author,date,href,push,title
sweetener, 2/07,/bbs/movie/M.1612675630.A.1BB.html,10,[ 好雷] 孤味的一些bug + 心得
Tsai07, 2/07,/bbs/movie/M.1612676050.A.4DB.html,2,[  雷] 孤味 韻味不錯
ironmanstock, 2/07,/bbs/movie/M.1612677026.A.F23.html,1,Fw: [轉貼] 獨孤里橋之役的問題
l81311i, 2/07,/bbs/movie/M.1612679898.A.2B7.html,3,[普偏負雷] 男兒王
froglilibon, 2/07,/bbs/movie/M.1612681875.A.FAA.html,10,[討論] 近三年有什麼好看的武打電影
qpr322, 2/07,/bbs/movie/M.1612685301.A.5FB.html,2,[情報] 2021 華盛頓 DC 區影評人協會 入圍名單
shesheder, 2/07,/bbs/movie/M.1612685712.A.A16.html,1,[請益] 《Alita：戰鬥天使》主題曲 Swan Song
TtTt4, 8/12,/bbs/movie/M.1597242609.A.606.html,6,[公告] 電影板板規 12/08/202
[馬路探子], 2/01,/bbs/movie/M.1612140052.A.7F7.html,19,[movie] 看板 選情報導
